{"slots":[{"user":"<@1076214676402229289>","duration":"","category":"10d","price":"Catergory","name":"4 Slot"},{"user":"<@1076214676402229289>","duration":"","category":"10d","price":"Catergory","name":"4 Slot"},{"user":"<@1076214676402229289>","duration":"","category":"10d","price":"Catergory","name":"4 Slot"},{"user":"<@1076214676402229289>","duration":"1d","category":"1289296456196292660","price":"$10","name":"bounty"},{"user":"prefxll","channelId":"1289308574115172353","isHeld":false,"members":[]},{"user":"prefxll","channelId":"1289308734408884317","duration":"<@1076214676402229289>","isHeld":false,"members":[]},{"user":"bountyset","channelId":"1289309001024012321","duration":"<@1076214676402229289>","isHeld":false,"members":[]},{"user":"bountyset","channelId":"1289309018745212938","duration":"<@1076214676402229289>","isHeld":false,"members":[]},{"user":"bountyset","channelId":"1289309028354232454","duration":"<@1076214676402229289>","isHeld":false,"members":[]},{"user":"bountyset","channelId":"1289309030841581715","duration":"<@1076214676402229289>","isHeld":false,"members":[]},{"user":"bountyset","channelId":"1289309032288489546","duration":"<@1076214676402229289>","isHeld":false,"members":[]},{"user":"bountyset","channelId":"1289309033362358414","duration":"<@1076214676402229289>","isHeld":false,"members":[]},{"user":"prefxll","channelId":"1289311174600556796","duration":"4d","isHeld":false,"members":[]}]}